gene	transcript	chr	NNNNgRNANNN	index	gRNA	StrandOn	StartPos	Region	gc	gRNA_id	RuleSet3Score	mismatch_num	max_CFD_score	median_CFD_score
TBX5	NM_080717.4	NC_000012.12	ACTTTAGCTATTGTCGCTCCACTCTGGCAC	1668	TAGCTATTGTCGCTCCACTCTGG	+	114355532	exon_8	50.0	gRNA_0	0.656	0	0.0	0.0
TBX5	NM_080717.4	NC_000012.12	TCCGTGCACAGAGTGGTACTGATGAGGGGA	1707	TGCACAGAGTGGTACTGATGAGG	+	114355571	exon_8	50.0	gRNA_1	0.646	1	0.0	0.0
TBX5	NM_080717.4	NC_000012.12	GTCCTTGGCACGCCATGAGAGTAGAGGAAC	1741	TTGGCACGCCATGAGAGTAGAGG	+	114355605	exon_8	55.0	gRNA_2	0.818	0	0.0	0.0
TBX5	NM_080717.4	NC_000012.12	CTGGAACATTCCCTCTCCCAGCTGTGGGGA	1860	AACATTCCCTCTCCCAGCTGTGG	+	114355724	exon_8	55.0	gRNA_3	0.384	2	0.037	0.0185
TBX5	NM_080717.4	NC_000012.12	GAGGTGAAGTGAGCGGAGAAGTGCTGGTAG	1933	TGAAGTGAGCGGAGAAGTGCTGG	+	114355797	exon_8	55.0	gRNA_4	0.856	0	0.0	0.0
TBX5	NM_080717.4	NC_000012.12	GCAGCTGCTGTAGGAAGGCATGCTTGGCCA	1998	CTGCTGTAGGAAGGCATGCTTGG	+	114355862	exon_8	55.0	gRNA_5	-0.344	1	0.0	0.0
TBX5	NM_080717.4	NC_000012.12	TGTTGCAGCTGATGTCCTCTAGGCTGGGCA	2030	GCAGCTGATGTCCTCTAGGCTGG	+	114355894	exon_8	60.0	gRNA_6	-0.152	1	0.002	0.002
TBX5	NM_080717.4	NC_000012.12	GCCGCTGTGCCGACTCTGTCCTGTAGGAGG	2102	CTGTGCCGACTCTGTCCTGTAGG	+	114355966	exon_8	60.0	gRNA_7	0.017	0	0.0	0.0
TBX5	NM_080717.4	NC_000012.12	CCCTGCTGCTGTGGATAGCTAGAGCGGTAG	2140	GCTGCTGTGGATAGCTAGAGCGG	+	114356004	exon_8	55.0	gRNA_8	0.843	0	0.0	0.0
TBX5	NM_080717.4	NC_000012.12	CTTCACTGGGTGATGTCTCCATGTAGGGCT	2180	ACTGGGTGATGTCTCCATGTAGG	+	114356044	exon_8	50.0	gRNA_9	0.648	1	0.0	0.0
TBX5	NM_080717.4	NC_000012.12	CACTCACCTTTCCTCTTGGTACAATGGTAA	12297	CACCTTTCCTCTTGGTACAATGG	+	114366161	exon_7	45.0	gRNA_10	-0.759	0	0.0	0.0
TBX5	NM_080717.4	NC_000012.12	GGGCCGGAAACACCATTCTCACACTGGTAT	12387	CGGAAACACCATTCTCACACTGG	+	114366251	exon_7	50.0	gRNA_11	0.495	0	0.0	0.0
TBX5	NM_080717.4	NC_000012.12	GAGAGCTCGAGACTCGCTGCTGAAAGGACT	12443	GCTCGAGACTCGCTGCTGAAAGG	+	114366307	exon_7	60.0	gRNA_12	0.245	0	0.0	0.0
TBX5	NM_080717.4	NC_000012.12	GGTTGGAGGCCACTTTTTGCCTCACGGTGC	12475	GGAGGCCACTTTTTGCCTCACGG	+	114366339	exon_7	55.0	gRNA_13	-1.114	0	0.0	0.0
TBX5	NM_080717.4	NC_000012.12	TGTCATCACTGCCCCGAAATCCTTTGGCAA	31646	ATCACTGCCCCGAAATCCTTTGG	+	114385510	exon_6	50.0	gRNA_14	-0.596	1	0.0	0.0
TBX5	NM_080717.4	NC_000012.12	TTCCTGGGCTTCAGGCTTACCTTGTGGTTC	40860	TGGGCTTCAGGCTTACCTTGTGG	+	114394724	exon_5	55.0	gRNA_15	0.526	0	0.0	0.0
TBX5	NM_080717.4	NC_000012.12	AGTCACTGCTATAAACGCAGTCTCAGGAAA	40898	ACTGCTATAAACGCAGTCTCAGG	+	114394762	exon_5	45.0	gRNA_16	0.015	0	0.0	0.0
TBX5	NM_080717.4	NC_000012.12	ATCCGCTTTCACGATGTGTAATCTAGGCTG	40976	GCTTTCACGATGTGTAATCTAGG	+	114394840	exon_5	40.0	gRNA_17	-0.198	0	0.0	0.0
TBX5	NM_080717.4	NC_000012.12	GTACTCACATGCCCAAATGGGTCCAGGTGG	44704	TCACATGCCCAAATGGGTCCAGG	+	114398568	exon_4	55.0	gRNA_18	0.375	0	0.0	0.0
TBX5	NM_080717.4	NC_000012.12	TGTTGGTGAGCTTGAGTTTCTGGAAGGAGA	44735	GGTGAGCTTGAGTTTCTGGAAGG	+	114398599	exon_4	50.0	gRNA_19	0.537	0	0.0	0.0
TBX5	NM_080717.4	NC_000012.12	GGGGAGTCTGGGTGCACGTACAGGCGGCCA	44797	AGTCTGGGTGCACGTACAGGCGG	+	114398661	exon_4	60.0	gRNA_20	0.717	1	0.0	0.0
TBX5	NM_080717.4	NC_000012.12	GGCCCGTCACCTTCACTTTGTAACTGGGAA	45734	CGTCACCTTCACTTTGTAACTGG	+	114399598	exon_3	45.0	gRNA_21	-1.673	0	0.0	0.0
TBX5	NM_080717.4	NC_000012.12	ACAAACCATCTCACCTTCCAGCCTTGGTTA	47951	ACCATCTCACCTTCCAGCCTTGG	+	114401815	exon_2	55.0	gRNA_22	-0.381	3	0.0	0.0
TBX5	NM_080717.4	NC_000012.12	AATTTTAGCCACAGTTCTCTTTCATGGAGA	48007	TTAGCCACAGTTCTCTTTCATGG	+	114401871	exon_2	40.0	gRNA_23	-0.956	2	0.846	0.423
TBX5	NM_080717.4	NC_000012.12	GTGTTTCTCCATGAAAGAGAACTGTGGCTA	6160	TTCTCCATGAAAGAGAACTGTGG	-	114401875	exon_2	40.0	gRNA_24	0.924	3	0.605	0.0
TBX5	NM_080717.4	NC_000012.12	TGGGCACGGAAATGATCATAACCAAGGCTG	6203	CACGGAAATGATCATAACCAAGG	-	114401832	exon_2	40.0	gRNA_25	0.689	0	0.0	0.0
TBX5	NM_080717.4	NC_000012.12	TTCCCAGTTACAAAGTGAAGGTGACGGGCC	8438	CAGTTACAAAGTGAAGGTGACGG	-	114399597	exon_3	40.0	gRNA_26	0.218	0	0.0	0.0
TBX5	NM_080717.4	NC_000012.12	AACTCAAGCTCACCAACAACCACCTGGACC	9449	CAAGCTCACCAACAACCACCTGG	-	114398586	exon_4	55.0	gRNA_27	0.312	0	0.0	0.0
TBX5	NM_080717.4	NC_000012.12	CAGTGACTTCCTACCAGAACCACAAGGTAA	13296	GACTTCCTACCAGAACCACAAGG	-	114394739	exon_5	50.0	gRNA_28	0.747	1	0.199	0.199
TBX5	NM_080717.4	NC_000012.12	GATTGAGAATAATCCCTTTGCCAAAGGATT	22509	GAGAATAATCCCTTTGCCAAAGG	-	114385526	exon_6	40.0	gRNA_29	-0.217	1	0.462	0.462
TBX5	NM_080717.4	NC_000012.12	CCAGGAGCACCGTGAGGCAAAAAGTGGCCT	41691	GAGCACCGTGAGGCAAAAAGTGG	-	114366344	exon_7	55.0	gRNA_30	0.933	0	0.0	0.0
TBX5	NM_080717.4	NC_000012.12	GAGCTCTCTCCACCTCATCCAATTTGGGGT	41751	TCTCTCCACCTCATCCAATTTGG	-	114366284	exon_7	45.0	gRNA_31	-1.353	0	0.0	0.0
TBX5	NM_080717.4	NC_000012.12	ATACCAGTGTGAGAATGGTGTTTCCGGCCC	41785	CAGTGTGAGAATGGTGTTTCCGG	-	114366250	exon_7	45.0	gRNA_32	-1.279	0	0.0	0.0
TBX5	NM_080717.4	NC_000012.12	ACCATCCCTATAAGAAGCCCTACATGGAGA	51977	TCCCTATAAGAAGCCCTACATGG	-	114356058	exon_8	45.0	gRNA_33	0.525	0	0.0	0.0
TBX5	NM_080717.4	NC_000012.12	ACCGCTCTAGCTATCCACAGCAGCAGGGCC	52034	CTCTAGCTATCCACAGCAGCAGG	-	114356001	exon_8	55.0	gRNA_34	-0.608	0	0.0	0.0
TBX5	NM_080717.4	NC_000012.12	TGGGTGCCTCCTACAGGACAGAGTCGGCAC	52064	TGCCTCCTACAGGACAGAGTCGG	-	114355971	exon_8	55.0	gRNA_35	0.825	0	0.0	0.0
TBX5	NM_080717.4	NC_000012.12	AGCACTTCTCCGCTCACTTCACCTCGGGGC	52244	CTTCTCCGCTCACTTCACCTCGG	-	114355791	exon_8	55.0	gRNA_36	-0.068	2	0.0	0.0
TBX5	NM_080717.4	NC_000012.12	GCCCCCTGAGTTCCTCTACTCTCATGGCGT	52422	CCTGAGTTCCTCTACTCTCATGG	-	114355613	exon_8	50.0	gRNA_37	-0.181	0	0.0	0.0
TBX5	NM_080717.4	NC_000012.12	CCCTCATCAGTACCACTCTGTGCACGGAGT	52467	CATCAGTACCACTCTGTGCACGG	-	114355568	exon_8	50.0	gRNA_38	0.708	0	0.0	0.0
TBX5	NM_080717.4	NC_000012.12	AGTGGAGCGACAATAGCTAAAGTGAGGCCT	52511	GAGCGACAATAGCTAAAGTGAGG	-	114355524	exon_8	45.0	gRNA_39	1.165	0	0.0	0.0
TBX5	XM_017019912.2	NC_000012.12	ACTTTAGCTATTGTCGCTCCACTCTGGCAC	1668	TAGCTATTGTCGCTCCACTCTGG	+	114355532	exon_9	50.0	gRNA_0	0.656	0	0.0	0.0
TBX5	XM_017019912.2	NC_000012.12	TCCGTGCACAGAGTGGTACTGATGAGGGGA	1707	TGCACAGAGTGGTACTGATGAGG	+	114355571	exon_9	50.0	gRNA_1	0.646	1	0.0	0.0
TBX5	XM_017019912.2	NC_000012.12	GTCCTTGGCACGCCATGAGAGTAGAGGAAC	1741	TTGGCACGCCATGAGAGTAGAGG	+	114355605	exon_9	55.0	gRNA_2	0.818	0	0.0	0.0
TBX5	XM_017019912.2	NC_000012.12	CTGGAACATTCCCTCTCCCAGCTGTGGGGA	1860	AACATTCCCTCTCCCAGCTGTGG	+	114355724	exon_9	55.0	gRNA_3	0.384	2	0.037	0.0185
TBX5	XM_017019912.2	NC_000012.12	GAGGTGAAGTGAGCGGAGAAGTGCTGGTAG	1933	TGAAGTGAGCGGAGAAGTGCTGG	+	114355797	exon_9	55.0	gRNA_4	0.856	0	0.0	0.0
TBX5	XM_017019912.2	NC_000012.12	GCAGCTGCTGTAGGAAGGCATGCTTGGCCA	1998	CTGCTGTAGGAAGGCATGCTTGG	+	114355862	exon_9	55.0	gRNA_5	-0.344	1	0.0	0.0
TBX5	XM_017019912.2	NC_000012.12	TGTTGCAGCTGATGTCCTCTAGGCTGGGCA	2030	GCAGCTGATGTCCTCTAGGCTGG	+	114355894	exon_9	60.0	gRNA_6	-0.152	1	0.002	0.002
TBX5	XM_017019912.2	NC_000012.12	GCCGCTGTGCCGACTCTGTCCTGTAGGAGG	2102	CTGTGCCGACTCTGTCCTGTAGG	+	114355966	exon_9	60.0	gRNA_7	0.017	0	0.0	0.0
TBX5	XM_017019912.2	NC_000012.12	CCCTGCTGCTGTGGATAGCTAGAGCGGTAG	2140	GCTGCTGTGGATAGCTAGAGCGG	+	114356004	exon_9	55.0	gRNA_8	0.843	0	0.0	0.0
TBX5	XM_017019912.2	NC_000012.12	CTTCACTGGGTGATGTCTCCATGTAGGGCT	2180	ACTGGGTGATGTCTCCATGTAGG	+	114356044	exon_9	50.0	gRNA_9	0.648	1	0.0	0.0
TBX5	XM_017019912.2	NC_000012.12	CACTCACCTTTCCTCTTGGTACAATGGTAA	12297	CACCTTTCCTCTTGGTACAATGG	+	114366161	exon_8	45.0	gRNA_10	-0.759	0	0.0	0.0
TBX5	XM_017019912.2	NC_000012.12	GGGCCGGAAACACCATTCTCACACTGGTAT	12387	CGGAAACACCATTCTCACACTGG	+	114366251	exon_8	50.0	gRNA_11	0.495	0	0.0	0.0
TBX5	XM_017019912.2	NC_000012.12	GAGAGCTCGAGACTCGCTGCTGAAAGGACT	12443	GCTCGAGACTCGCTGCTGAAAGG	+	114366307	exon_8	60.0	gRNA_12	0.245	0	0.0	0.0
TBX5	XM_017019912.2	NC_000012.12	GGTTGGAGGCCACTTTTTGCCTCACGGTGC	12475	GGAGGCCACTTTTTGCCTCACGG	+	114366339	exon_8	55.0	gRNA_13	-1.114	0	0.0	0.0
TBX5	XM_017019912.2	NC_000012.12	TGTCATCACTGCCCCGAAATCCTTTGGCAA	31646	ATCACTGCCCCGAAATCCTTTGG	+	114385510	exon_7	50.0	gRNA_14	-0.596	1	0.0	0.0
TBX5	XM_017019912.2	NC_000012.12	TTCCTGGGCTTCAGGCTTACCTTGTGGTTC	40860	TGGGCTTCAGGCTTACCTTGTGG	+	114394724	exon_6	55.0	gRNA_15	0.526	0	0.0	0.0
TBX5	XM_017019912.2	NC_000012.12	AGTCACTGCTATAAACGCAGTCTCAGGAAA	40898	ACTGCTATAAACGCAGTCTCAGG	+	114394762	exon_6	45.0	gRNA_16	0.015	0	0.0	0.0
TBX5	XM_017019912.2	NC_000012.12	ATCCGCTTTCACGATGTGTAATCTAGGCTG	40976	GCTTTCACGATGTGTAATCTAGG	+	114394840	exon_6	40.0	gRNA_17	-0.198	0	0.0	0.0
TBX5	XM_017019912.2	NC_000012.12	GTACTCACATGCCCAAATGGGTCCAGGTGG	44704	TCACATGCCCAAATGGGTCCAGG	+	114398568	exon_5	55.0	gRNA_18	0.375	0	0.0	0.0
TBX5	XM_017019912.2	NC_000012.12	TGTTGGTGAGCTTGAGTTTCTGGAAGGAGA	44735	GGTGAGCTTGAGTTTCTGGAAGG	+	114398599	exon_5	50.0	gRNA_19	0.537	0	0.0	0.0
TBX5	XM_017019912.2	NC_000012.12	GGGGAGTCTGGGTGCACGTACAGGCGGCCA	44797	AGTCTGGGTGCACGTACAGGCGG	+	114398661	exon_5	60.0	gRNA_20	0.717	1	0.0	0.0
TBX5	XM_017019912.2	NC_000012.12	GGCCCGTCACCTTCACTTTGTAACTGGGAA	45734	CGTCACCTTCACTTTGTAACTGG	+	114399598	exon_4	45.0	gRNA_21	-1.673	0	0.0	0.0
TBX5	XM_017019912.2	NC_000012.12	ACAAACCATCTCACCTTCCAGCCTTGGTTA	47951	ACCATCTCACCTTCCAGCCTTGG	+	114401815	exon_3	55.0	gRNA_22	-0.381	3	0.0	0.0
TBX5	XM_017019912.2	NC_000012.12	AATTTTAGCCACAGTTCTCTTTCATGGAGA	48007	TTAGCCACAGTTCTCTTTCATGG	+	114401871	exon_3	40.0	gRNA_23	-0.956	2	0.846	0.423
TBX5	XM_017019912.2	NC_000012.12	GCGCGCTCTCGGGTTTCGAATCGCAGGGCA	49944	GCTCTCGGGTTTCGAATCGCAGG	+	114403808	exon_2	60.0	gRNA_40	-0.606	0	0.0	0.0
TBX5	XM_017019912.2	NC_000012.12	GTGTTTCTCCATGAAAGAGAACTGTGGCTA	6160	TTCTCCATGAAAGAGAACTGTGG	-	114401875	exon_3	40.0	gRNA_24	0.924	3	0.605	0.0
TBX5	XM_017019912.2	NC_000012.12	TGGGCACGGAAATGATCATAACCAAGGCTG	6203	CACGGAAATGATCATAACCAAGG	-	114401832	exon_3	40.0	gRNA_25	0.689	0	0.0	0.0
TBX5	XM_017019912.2	NC_000012.12	TTCCCAGTTACAAAGTGAAGGTGACGGGCC	8438	CAGTTACAAAGTGAAGGTGACGG	-	114399597	exon_4	40.0	gRNA_26	0.218	0	0.0	0.0
TBX5	XM_017019912.2	NC_000012.12	AACTCAAGCTCACCAACAACCACCTGGACC	9449	CAAGCTCACCAACAACCACCTGG	-	114398586	exon_5	55.0	gRNA_27	0.312	0	0.0	0.0
TBX5	XM_017019912.2	NC_000012.12	CAGTGACTTCCTACCAGAACCACAAGGTAA	13296	GACTTCCTACCAGAACCACAAGG	-	114394739	exon_6	50.0	gRNA_28	0.747	1	0.199	0.199
TBX5	XM_017019912.2	NC_000012.12	GATTGAGAATAATCCCTTTGCCAAAGGATT	22509	GAGAATAATCCCTTTGCCAAAGG	-	114385526	exon_7	40.0	gRNA_29	-0.217	1	0.462	0.462
TBX5	XM_017019912.2	NC_000012.12	CCAGGAGCACCGTGAGGCAAAAAGTGGCCT	41691	GAGCACCGTGAGGCAAAAAGTGG	-	114366344	exon_8	55.0	gRNA_30	0.933	0	0.0	0.0
TBX5	XM_017019912.2	NC_000012.12	GAGCTCTCTCCACCTCATCCAATTTGGGGT	41751	TCTCTCCACCTCATCCAATTTGG	-	114366284	exon_8	45.0	gRNA_31	-1.353	0	0.0	0.0
TBX5	XM_017019912.2	NC_000012.12	ATACCAGTGTGAGAATGGTGTTTCCGGCCC	41785	CAGTGTGAGAATGGTGTTTCCGG	-	114366250	exon_8	45.0	gRNA_32	-1.279	0	0.0	0.0
TBX5	XM_017019912.2	NC_000012.12	ACCATCCCTATAAGAAGCCCTACATGGAGA	51977	TCCCTATAAGAAGCCCTACATGG	-	114356058	exon_9	45.0	gRNA_33	0.525	0	0.0	0.0
TBX5	XM_017019912.2	NC_000012.12	ACCGCTCTAGCTATCCACAGCAGCAGGGCC	52034	CTCTAGCTATCCACAGCAGCAGG	-	114356001	exon_9	55.0	gRNA_34	-0.608	0	0.0	0.0
TBX5	XM_017019912.2	NC_000012.12	TGGGTGCCTCCTACAGGACAGAGTCGGCAC	52064	TGCCTCCTACAGGACAGAGTCGG	-	114355971	exon_9	55.0	gRNA_35	0.825	0	0.0	0.0
TBX5	XM_017019912.2	NC_000012.12	AGCACTTCTCCGCTCACTTCACCTCGGGGC	52244	CTTCTCCGCTCACTTCACCTCGG	-	114355791	exon_9	55.0	gRNA_36	-0.068	2	0.0	0.0
TBX5	XM_017019912.2	NC_000012.12	GCCCCCTGAGTTCCTCTACTCTCATGGCGT	52422	CCTGAGTTCCTCTACTCTCATGG	-	114355613	exon_9	50.0	gRNA_37	-0.181	0	0.0	0.0
TBX5	XM_017019912.2	NC_000012.12	CCCTCATCAGTACCACTCTGTGCACGGAGT	52467	CATCAGTACCACTCTGTGCACGG	-	114355568	exon_9	50.0	gRNA_38	0.708	0	0.0	0.0
TBX5	XM_017019912.2	NC_000012.12	AGTGGAGCGACAATAGCTAAAGTGAGGCCT	52511	GAGCGACAATAGCTAAAGTGAGG	-	114355524	exon_9	45.0	gRNA_39	1.165	0	0.0	0.0
TBX5	NM_181486.4	NC_000012.12	ACTTTAGCTATTGTCGCTCCACTCTGGCAC	1668	TAGCTATTGTCGCTCCACTCTGG	+	114355532	exon_9	50.0	gRNA_0	0.656	0	0.0	0.0
TBX5	NM_181486.4	NC_000012.12	TCCGTGCACAGAGTGGTACTGATGAGGGGA	1707	TGCACAGAGTGGTACTGATGAGG	+	114355571	exon_9	50.0	gRNA_1	0.646	1	0.0	0.0
TBX5	NM_181486.4	NC_000012.12	GTCCTTGGCACGCCATGAGAGTAGAGGAAC	1741	TTGGCACGCCATGAGAGTAGAGG	+	114355605	exon_9	55.0	gRNA_2	0.818	0	0.0	0.0
TBX5	NM_181486.4	NC_000012.12	CTGGAACATTCCCTCTCCCAGCTGTGGGGA	1860	AACATTCCCTCTCCCAGCTGTGG	+	114355724	exon_9	55.0	gRNA_3	0.384	2	0.037	0.0185
TBX5	NM_181486.4	NC_000012.12	GAGGTGAAGTGAGCGGAGAAGTGCTGGTAG	1933	TGAAGTGAGCGGAGAAGTGCTGG	+	114355797	exon_9	55.0	gRNA_4	0.856	0	0.0	0.0
TBX5	NM_181486.4	NC_000012.12	GCAGCTGCTGTAGGAAGGCATGCTTGGCCA	1998	CTGCTGTAGGAAGGCATGCTTGG	+	114355862	exon_9	55.0	gRNA_5	-0.344	1	0.0	0.0
TBX5	NM_181486.4	NC_000012.12	TGTTGCAGCTGATGTCCTCTAGGCTGGGCA	2030	GCAGCTGATGTCCTCTAGGCTGG	+	114355894	exon_9	60.0	gRNA_6	-0.152	1	0.002	0.002
TBX5	NM_181486.4	NC_000012.12	GCCGCTGTGCCGACTCTGTCCTGTAGGAGG	2102	CTGTGCCGACTCTGTCCTGTAGG	+	114355966	exon_9	60.0	gRNA_7	0.017	0	0.0	0.0
TBX5	NM_181486.4	NC_000012.12	CCCTGCTGCTGTGGATAGCTAGAGCGGTAG	2140	GCTGCTGTGGATAGCTAGAGCGG	+	114356004	exon_9	55.0	gRNA_8	0.843	0	0.0	0.0
TBX5	NM_181486.4	NC_000012.12	CTTCACTGGGTGATGTCTCCATGTAGGGCT	2180	ACTGGGTGATGTCTCCATGTAGG	+	114356044	exon_9	50.0	gRNA_9	0.648	1	0.0	0.0
TBX5	NM_181486.4	NC_000012.12	CACTCACCTTTCCTCTTGGTACAATGGTAA	12297	CACCTTTCCTCTTGGTACAATGG	+	114366161	exon_8	45.0	gRNA_10	-0.759	0	0.0	0.0
TBX5	NM_181486.4	NC_000012.12	GGGCCGGAAACACCATTCTCACACTGGTAT	12387	CGGAAACACCATTCTCACACTGG	+	114366251	exon_8	50.0	gRNA_11	0.495	0	0.0	0.0
TBX5	NM_181486.4	NC_000012.12	GAGAGCTCGAGACTCGCTGCTGAAAGGACT	12443	GCTCGAGACTCGCTGCTGAAAGG	+	114366307	exon_8	60.0	gRNA_12	0.245	0	0.0	0.0
TBX5	NM_181486.4	NC_000012.12	GGTTGGAGGCCACTTTTTGCCTCACGGTGC	12475	GGAGGCCACTTTTTGCCTCACGG	+	114366339	exon_8	55.0	gRNA_13	-1.114	0	0.0	0.0
TBX5	NM_181486.4	NC_000012.12	TGTCATCACTGCCCCGAAATCCTTTGGCAA	31646	ATCACTGCCCCGAAATCCTTTGG	+	114385510	exon_7	50.0	gRNA_14	-0.596	1	0.0	0.0
TBX5	NM_181486.4	NC_000012.12	TTCCTGGGCTTCAGGCTTACCTTGTGGTTC	40860	TGGGCTTCAGGCTTACCTTGTGG	+	114394724	exon_6	55.0	gRNA_15	0.526	0	0.0	0.0
TBX5	NM_181486.4	NC_000012.12	AGTCACTGCTATAAACGCAGTCTCAGGAAA	40898	ACTGCTATAAACGCAGTCTCAGG	+	114394762	exon_6	45.0	gRNA_16	0.015	0	0.0	0.0
TBX5	NM_181486.4	NC_000012.12	ATCCGCTTTCACGATGTGTAATCTAGGCTG	40976	GCTTTCACGATGTGTAATCTAGG	+	114394840	exon_6	40.0	gRNA_17	-0.198	0	0.0	0.0
TBX5	NM_181486.4	NC_000012.12	GTACTCACATGCCCAAATGGGTCCAGGTGG	44704	TCACATGCCCAAATGGGTCCAGG	+	114398568	exon_5	55.0	gRNA_18	0.375	0	0.0	0.0
TBX5	NM_181486.4	NC_000012.12	TGTTGGTGAGCTTGAGTTTCTGGAAGGAGA	44735	GGTGAGCTTGAGTTTCTGGAAGG	+	114398599	exon_5	50.0	gRNA_19	0.537	0	0.0	0.0
TBX5	NM_181486.4	NC_000012.12	GGGGAGTCTGGGTGCACGTACAGGCGGCCA	44797	AGTCTGGGTGCACGTACAGGCGG	+	114398661	exon_5	60.0	gRNA_20	0.717	1	0.0	0.0
TBX5	NM_181486.4	NC_000012.12	GGCCCGTCACCTTCACTTTGTAACTGGGAA	45734	CGTCACCTTCACTTTGTAACTGG	+	114399598	exon_4	45.0	gRNA_21	-1.673	0	0.0	0.0
TBX5	NM_181486.4	NC_000012.12	ACAAACCATCTCACCTTCCAGCCTTGGTTA	47951	ACCATCTCACCTTCCAGCCTTGG	+	114401815	exon_3	55.0	gRNA_22	-0.381	3	0.0	0.0
TBX5	NM_181486.4	NC_000012.12	AATTTTAGCCACAGTTCTCTTTCATGGAGA	48007	TTAGCCACAGTTCTCTTTCATGG	+	114401871	exon_3	40.0	gRNA_23	-0.956	2	0.846	0.423
TBX5	NM_181486.4	NC_000012.12	GCGCGCTCTCGGGTTTCGAATCGCAGGGCA	49944	GCTCTCGGGTTTCGAATCGCAGG	+	114403808	exon_2	60.0	gRNA_40	-0.606	0	0.0	0.0
TBX5	NM_181486.4	NC_000012.12	GTGTTTCTCCATGAAAGAGAACTGTGGCTA	4292	TTCTCCATGAAAGAGAACTGTGG	-	114401875	exon_3	40.0	gRNA_24	0.924	3	0.605	0.0
TBX5	NM_181486.4	NC_000012.12	TGGGCACGGAAATGATCATAACCAAGGCTG	4335	CACGGAAATGATCATAACCAAGG	-	114401832	exon_3	40.0	gRNA_25	0.689	0	0.0	0.0
TBX5	NM_181486.4	NC_000012.12	TTCCCAGTTACAAAGTGAAGGTGACGGGCC	6570	CAGTTACAAAGTGAAGGTGACGG	-	114399597	exon_4	40.0	gRNA_26	0.218	0	0.0	0.0
TBX5	NM_181486.4	NC_000012.12	AACTCAAGCTCACCAACAACCACCTGGACC	7581	CAAGCTCACCAACAACCACCTGG	-	114398586	exon_5	55.0	gRNA_27	0.312	0	0.0	0.0
TBX5	NM_181486.4	NC_000012.12	CAGTGACTTCCTACCAGAACCACAAGGTAA	11428	GACTTCCTACCAGAACCACAAGG	-	114394739	exon_6	50.0	gRNA_28	0.747	1	0.199	0.199
TBX5	NM_181486.4	NC_000012.12	GATTGAGAATAATCCCTTTGCCAAAGGATT	20641	GAGAATAATCCCTTTGCCAAAGG	-	114385526	exon_7	40.0	gRNA_29	-0.217	1	0.462	0.462
TBX5	NM_181486.4	NC_000012.12	CCAGGAGCACCGTGAGGCAAAAAGTGGCCT	39823	GAGCACCGTGAGGCAAAAAGTGG	-	114366344	exon_8	55.0	gRNA_30	0.933	0	0.0	0.0
TBX5	NM_181486.4	NC_000012.12	GAGCTCTCTCCACCTCATCCAATTTGGGGT	39883	TCTCTCCACCTCATCCAATTTGG	-	114366284	exon_8	45.0	gRNA_31	-1.353	0	0.0	0.0
TBX5	NM_181486.4	NC_000012.12	ATACCAGTGTGAGAATGGTGTTTCCGGCCC	39917	CAGTGTGAGAATGGTGTTTCCGG	-	114366250	exon_8	45.0	gRNA_32	-1.279	0	0.0	0.0
TBX5	NM_181486.4	NC_000012.12	ACCATCCCTATAAGAAGCCCTACATGGAGA	50109	TCCCTATAAGAAGCCCTACATGG	-	114356058	exon_9	45.0	gRNA_33	0.525	0	0.0	0.0
TBX5	NM_181486.4	NC_000012.12	ACCGCTCTAGCTATCCACAGCAGCAGGGCC	50166	CTCTAGCTATCCACAGCAGCAGG	-	114356001	exon_9	55.0	gRNA_34	-0.608	0	0.0	0.0
TBX5	NM_181486.4	NC_000012.12	TGGGTGCCTCCTACAGGACAGAGTCGGCAC	50196	TGCCTCCTACAGGACAGAGTCGG	-	114355971	exon_9	55.0	gRNA_35	0.825	0	0.0	0.0
TBX5	NM_181486.4	NC_000012.12	AGCACTTCTCCGCTCACTTCACCTCGGGGC	50376	CTTCTCCGCTCACTTCACCTCGG	-	114355791	exon_9	55.0	gRNA_36	-0.068	2	0.0	0.0
TBX5	NM_181486.4	NC_000012.12	GCCCCCTGAGTTCCTCTACTCTCATGGCGT	50554	CCTGAGTTCCTCTACTCTCATGG	-	114355613	exon_9	50.0	gRNA_37	-0.181	0	0.0	0.0
TBX5	NM_181486.4	NC_000012.12	CCCTCATCAGTACCACTCTGTGCACGGAGT	50599	CATCAGTACCACTCTGTGCACGG	-	114355568	exon_9	50.0	gRNA_38	0.708	0	0.0	0.0
TBX5	NM_181486.4	NC_000012.12	AGTGGAGCGACAATAGCTAAAGTGAGGCCT	50643	GAGCGACAATAGCTAAAGTGAGG	-	114355524	exon_9	45.0	gRNA_39	1.165	0	0.0	0.0
TBX5	NM_000192.3	NC_000012.12	ACTTTAGCTATTGTCGCTCCACTCTGGCAC	1649	TAGCTATTGTCGCTCCACTCTGG	+	114355532	exon_9	50.0	gRNA_0	0.656	0	0.0	0.0
TBX5	NM_000192.3	NC_000012.12	TCCGTGCACAGAGTGGTACTGATGAGGGGA	1688	TGCACAGAGTGGTACTGATGAGG	+	114355571	exon_9	50.0	gRNA_1	0.646	1	0.0	0.0
TBX5	NM_000192.3	NC_000012.12	GTCCTTGGCACGCCATGAGAGTAGAGGAAC	1722	TTGGCACGCCATGAGAGTAGAGG	+	114355605	exon_9	55.0	gRNA_2	0.818	0	0.0	0.0
TBX5	NM_000192.3	NC_000012.12	CTGGAACATTCCCTCTCCCAGCTGTGGGGA	1841	AACATTCCCTCTCCCAGCTGTGG	+	114355724	exon_9	55.0	gRNA_3	0.384	2	0.037	0.0185
TBX5	NM_000192.3	NC_000012.12	GAGGTGAAGTGAGCGGAGAAGTGCTGGTAG	1914	TGAAGTGAGCGGAGAAGTGCTGG	+	114355797	exon_9	55.0	gRNA_4	0.856	0	0.0	0.0
TBX5	NM_000192.3	NC_000012.12	GCAGCTGCTGTAGGAAGGCATGCTTGGCCA	1979	CTGCTGTAGGAAGGCATGCTTGG	+	114355862	exon_9	55.0	gRNA_5	-0.344	1	0.0	0.0
TBX5	NM_000192.3	NC_000012.12	TGTTGCAGCTGATGTCCTCTAGGCTGGGCA	2011	GCAGCTGATGTCCTCTAGGCTGG	+	114355894	exon_9	60.0	gRNA_6	-0.152	1	0.002	0.002
TBX5	NM_000192.3	NC_000012.12	GCCGCTGTGCCGACTCTGTCCTGTAGGAGG	2083	CTGTGCCGACTCTGTCCTGTAGG	+	114355966	exon_9	60.0	gRNA_7	0.017	0	0.0	0.0
TBX5	NM_000192.3	NC_000012.12	CCCTGCTGCTGTGGATAGCTAGAGCGGTAG	2121	GCTGCTGTGGATAGCTAGAGCGG	+	114356004	exon_9	55.0	gRNA_8	0.843	0	0.0	0.0
TBX5	NM_000192.3	NC_000012.12	CTTCACTGGGTGATGTCTCCATGTAGGGCT	2161	ACTGGGTGATGTCTCCATGTAGG	+	114356044	exon_9	50.0	gRNA_9	0.648	1	0.0	0.0
TBX5	NM_000192.3	NC_000012.12	CACTCACCTTTCCTCTTGGTACAATGGTAA	12278	CACCTTTCCTCTTGGTACAATGG	+	114366161	exon_8	45.0	gRNA_10	-0.759	0	0.0	0.0
TBX5	NM_000192.3	NC_000012.12	GGGCCGGAAACACCATTCTCACACTGGTAT	12368	CGGAAACACCATTCTCACACTGG	+	114366251	exon_8	50.0	gRNA_11	0.495	0	0.0	0.0
TBX5	NM_000192.3	NC_000012.12	GAGAGCTCGAGACTCGCTGCTGAAAGGACT	12424	GCTCGAGACTCGCTGCTGAAAGG	+	114366307	exon_8	60.0	gRNA_12	0.245	0	0.0	0.0
TBX5	NM_000192.3	NC_000012.12	GGTTGGAGGCCACTTTTTGCCTCACGGTGC	12456	GGAGGCCACTTTTTGCCTCACGG	+	114366339	exon_8	55.0	gRNA_13	-1.114	0	0.0	0.0
TBX5	NM_000192.3	NC_000012.12	TGTCATCACTGCCCCGAAATCCTTTGGCAA	31627	ATCACTGCCCCGAAATCCTTTGG	+	114385510	exon_7	50.0	gRNA_14	-0.596	1	0.0	0.0
TBX5	NM_000192.3	NC_000012.12	TTCCTGGGCTTCAGGCTTACCTTGTGGTTC	40841	TGGGCTTCAGGCTTACCTTGTGG	+	114394724	exon_6	55.0	gRNA_15	0.526	0	0.0	0.0
TBX5	NM_000192.3	NC_000012.12	AGTCACTGCTATAAACGCAGTCTCAGGAAA	40879	ACTGCTATAAACGCAGTCTCAGG	+	114394762	exon_6	45.0	gRNA_16	0.015	0	0.0	0.0
TBX5	NM_000192.3	NC_000012.12	ATCCGCTTTCACGATGTGTAATCTAGGCTG	40957	GCTTTCACGATGTGTAATCTAGG	+	114394840	exon_6	40.0	gRNA_17	-0.198	0	0.0	0.0
TBX5	NM_000192.3	NC_000012.12	GTACTCACATGCCCAAATGGGTCCAGGTGG	44685	TCACATGCCCAAATGGGTCCAGG	+	114398568	exon_5	55.0	gRNA_18	0.375	0	0.0	0.0
TBX5	NM_000192.3	NC_000012.12	TGTTGGTGAGCTTGAGTTTCTGGAAGGAGA	44716	GGTGAGCTTGAGTTTCTGGAAGG	+	114398599	exon_5	50.0	gRNA_19	0.537	0	0.0	0.0
TBX5	NM_000192.3	NC_000012.12	GGGGAGTCTGGGTGCACGTACAGGCGGCCA	44778	AGTCTGGGTGCACGTACAGGCGG	+	114398661	exon_5	60.0	gRNA_20	0.717	1	0.0	0.0
TBX5	NM_000192.3	NC_000012.12	GGCCCGTCACCTTCACTTTGTAACTGGGAA	45715	CGTCACCTTCACTTTGTAACTGG	+	114399598	exon_4	45.0	gRNA_21	-1.673	0	0.0	0.0
TBX5	NM_000192.3	NC_000012.12	ACAAACCATCTCACCTTCCAGCCTTGGTTA	47932	ACCATCTCACCTTCCAGCCTTGG	+	114401815	exon_3	55.0	gRNA_22	-0.381	3	0.0	0.0
TBX5	NM_000192.3	NC_000012.12	AATTTTAGCCACAGTTCTCTTTCATGGAGA	47988	TTAGCCACAGTTCTCTTTCATGG	+	114401871	exon_3	40.0	gRNA_23	-0.956	2	0.846	0.423
TBX5	NM_000192.3	NC_000012.12	GCGCGCTCTCGGGTTTCGAATCGCAGGGCA	49925	GCTCTCGGGTTTCGAATCGCAGG	+	114403808	exon_2	60.0	gRNA_40	-0.606	0	0.0	0.0
TBX5	NM_000192.3	NC_000012.12	GTGTTTCTCCATGAAAGAGAACTGTGGCTA	6590	TTCTCCATGAAAGAGAACTGTGG	-	114401875	exon_3	40.0	gRNA_24	0.924	3	0.605	0.0
TBX5	NM_000192.3	NC_000012.12	TGGGCACGGAAATGATCATAACCAAGGCTG	6633	CACGGAAATGATCATAACCAAGG	-	114401832	exon_3	40.0	gRNA_25	0.689	0	0.0	0.0
TBX5	NM_000192.3	NC_000012.12	TTCCCAGTTACAAAGTGAAGGTGACGGGCC	8868	CAGTTACAAAGTGAAGGTGACGG	-	114399597	exon_4	40.0	gRNA_26	0.218	0	0.0	0.0
TBX5	NM_000192.3	NC_000012.12	AACTCAAGCTCACCAACAACCACCTGGACC	9879	CAAGCTCACCAACAACCACCTGG	-	114398586	exon_5	55.0	gRNA_27	0.312	0	0.0	0.0
TBX5	NM_000192.3	NC_000012.12	CAGTGACTTCCTACCAGAACCACAAGGTAA	13726	GACTTCCTACCAGAACCACAAGG	-	114394739	exon_6	50.0	gRNA_28	0.747	1	0.199	0.199
TBX5	NM_000192.3	NC_000012.12	GATTGAGAATAATCCCTTTGCCAAAGGATT	22939	GAGAATAATCCCTTTGCCAAAGG	-	114385526	exon_7	40.0	gRNA_29	-0.217	1	0.462	0.462
TBX5	NM_000192.3	NC_000012.12	CCAGGAGCACCGTGAGGCAAAAAGTGGCCT	42121	GAGCACCGTGAGGCAAAAAGTGG	-	114366344	exon_8	55.0	gRNA_30	0.933	0	0.0	0.0
TBX5	NM_000192.3	NC_000012.12	GAGCTCTCTCCACCTCATCCAATTTGGGGT	42181	TCTCTCCACCTCATCCAATTTGG	-	114366284	exon_8	45.0	gRNA_31	-1.353	0	0.0	0.0
TBX5	NM_000192.3	NC_000012.12	ATACCAGTGTGAGAATGGTGTTTCCGGCCC	42215	CAGTGTGAGAATGGTGTTTCCGG	-	114366250	exon_8	45.0	gRNA_32	-1.279	0	0.0	0.0
TBX5	NM_000192.3	NC_000012.12	ACCATCCCTATAAGAAGCCCTACATGGAGA	52407	TCCCTATAAGAAGCCCTACATGG	-	114356058	exon_9	45.0	gRNA_33	0.525	0	0.0	0.0
TBX5	NM_000192.3	NC_000012.12	ACCGCTCTAGCTATCCACAGCAGCAGGGCC	52464	CTCTAGCTATCCACAGCAGCAGG	-	114356001	exon_9	55.0	gRNA_34	-0.608	0	0.0	0.0
TBX5	NM_000192.3	NC_000012.12	TGGGTGCCTCCTACAGGACAGAGTCGGCAC	52494	TGCCTCCTACAGGACAGAGTCGG	-	114355971	exon_9	55.0	gRNA_35	0.825	0	0.0	0.0
TBX5	NM_000192.3	NC_000012.12	AGCACTTCTCCGCTCACTTCACCTCGGGGC	52674	CTTCTCCGCTCACTTCACCTCGG	-	114355791	exon_9	55.0	gRNA_36	-0.068	2	0.0	0.0
TBX5	NM_000192.3	NC_000012.12	GCCCCCTGAGTTCCTCTACTCTCATGGCGT	52852	CCTGAGTTCCTCTACTCTCATGG	-	114355613	exon_9	50.0	gRNA_37	-0.181	0	0.0	0.0
TBX5	NM_000192.3	NC_000012.12	CCCTCATCAGTACCACTCTGTGCACGGAGT	52897	CATCAGTACCACTCTGTGCACGG	-	114355568	exon_9	50.0	gRNA_38	0.708	0	0.0	0.0
TBX5	NM_000192.3	NC_000012.12	AGTGGAGCGACAATAGCTAAAGTGAGGCCT	52941	GAGCGACAATAGCTAAAGTGAGG	-	114355524	exon_9	45.0	gRNA_39	1.165	0	0.0	0.0
