gene	transcript	chr	NNNNgRNANNN	index	gRNA	StrandOn	StartPos	Region	gc	gRNA_id	RuleSet3Score	RNAME	POS_START	POS_END	QNAME	SEQ	STRAND	off-target_site	off_chr	off_start_pos	CFD_score
TBX5	NM_080717.4	NC_000012.12	TCCGTGCACAGAGTGGTACTGATGAGGGGA	1707	TGCACAGAGTGGTACTGATGAGG	+	114355571	exon_8	50.0	gRNA_1	0.646	NC_000004.12	138747720	138747743	gRNA_1	CCTCATCAGTACCACTCTGTGCA	-	TGCACAGAGTGGAACTGATGAAG	NC_000004.12	138747720	0.0
TBX5	NM_080717.4	NC_000012.12	CTGGAACATTCCCTCTCCCAGCTGTGGGGA	1860	AACATTCCCTCTCCCAGCTGTGG	+	114355724	exon_8	55.0	gRNA_3	0.384	NC_000003.12	133951490	133951513	gRNA_3	AACATTCCCTCTCCCAGCTGTGG	+	AACATTCCCTCTCCCAGCTATTG	NC_000003.12	133951490	0.037
TBX5	NM_080717.4	NC_000012.12	CTGGAACATTCCCTCTCCCAGCTGTGGGGA	1860	AACATTCCCTCTCCCAGCTGTGG	+	114355724	exon_8	55.0	gRNA_3	0.384	NC_000012.12	105944231	105944254	gRNA_3	CCACAGCTGGGAGAGGGAATGTT	-	AACATTCCCTGTCCCAGCTCTGG	NC_000012.12	105944231	0.0
TBX5	NM_080717.4	NC_000012.12	GCAGCTGCTGTAGGAAGGCATGCTTGGCCA	1998	CTGCTGTAGGAAGGCATGCTTGG	+	114355862	exon_8	55.0	gRNA_5	-0.344	NC_000010.11	102067003	102067026	gRNA_5	CCAAGCATGCCTTCCTACAGCAG	-	AGGCTGCTGTAGGAAGGGCTTGG	NC_000010.11	102067003	0.0
TBX5	NM_080717.4	NC_000012.12	TGTTGCAGCTGATGTCCTCTAGGCTGGGCA	2030	GCAGCTGATGTCCTCTAGGCTGG	+	114355894	exon_8	60.0	gRNA_6	-0.152	NC_000017.11	28913004	28913027	gRNA_6	GCAGCTGATGTCCTCTAGGCTGG	+	GCAGCCGATGTCCTCTAGGGCTG	NC_000017.11	28913004	0.002
TBX5	NM_080717.4	NC_000012.12	CTTCACTGGGTGATGTCTCCATGTAGGGCT	2180	ACTGGGTGATGTCTCCATGTAGG	+	114356044	exon_8	50.0	gRNA_9	0.648	NC_000002.12	149356436	149356459	gRNA_9	CCTACATGGAGACATCACCCAGT	-	CTGAGGTGATGTGTCCATGTAGG	NC_000002.12	149356436	0.0
TBX5	NM_080717.4	NC_000012.12	TGTCATCACTGCCCCGAAATCCTTTGGCAA	31646	ATCACTGCCCCGAAATCCTTTGG	+	114385510	exon_6	50.0	gRNA_14	-0.596	NC_000017.11	61479914	61479937	gRNA_14	CCAAAGGATTTCGGGGCAGTGAT	-	ATCACTGCCCCGGAATCCCTTGG	NC_000017.11	61479914	0.0
TBX5	NM_080717.4	NC_000012.12	GGGGAGTCTGGGTGCACGTACAGGCGGCCA	44797	AGTCTGGGTGCACGTACAGGCGG	+	114398661	exon_4	60.0	gRNA_20	0.717	NC_000017.11	47743074	47743097	gRNA_20	CCGCCTGTACGTGCACCCAGACT	-	AGTCCGGGTGGACGTACAGGCGG	NC_000017.11	47743074	0.0
TBX5	NM_080717.4	NC_000012.12	ACAAACCATCTCACCTTCCAGCCTTGGTTA	47951	ACCATCTCACCTTCCAGCCTTGG	+	114401815	exon_2	55.0	gRNA_22	-0.381	NC_000015.10	63074051	63074074	gRNA_22	CCAAGGCTGGAAGGTGAGATGGT	-	ACCATCTCAGCTTCCAGCCTTGG	NC_000015.10	63074051	0.0
TBX5	NM_080717.4	NC_000012.12	ACAAACCATCTCACCTTCCAGCCTTGGTTA	47951	ACCATCTCACCTTCCAGCCTTGG	+	114401815	exon_2	55.0	gRNA_22	-0.381	NC_000020.11	32448240	32448263	gRNA_22	CCAAGGCTGGAAGGTGAGATGGT	-	ACCATCTCCCCTTCCAGCCTCGG	NC_000020.11	32448240	0.0
TBX5	NM_080717.4	NC_000012.12	ACAAACCATCTCACCTTCCAGCCTTGGTTA	47951	ACCATCTCACCTTCCAGCCTTGG	+	114401815	exon_2	55.0	gRNA_22	-0.381	NC_000002.12	136285660	136285683	gRNA_22	ACCATCTCACCTTCCAGCCTTGG	+	GCCATTCACCTTCCAGCCTTGGT	NC_000002.12	136285660	0.0
TBX5	NM_080717.4	NC_000012.12	AATTTTAGCCACAGTTCTCTTTCATGGAGA	48007	TTAGCCACAGTTCTCTTTCATGG	+	114401871	exon_2	40.0	gRNA_23	-0.956	NC_000004.12	10603228	10603251	gRNA_23	TTAGCCACAGTTCTCTTTCATGG	+	TAAGCCACAGTTCTCTTTCAAGG	NC_000004.12	10603228	0.846
TBX5	NM_080717.4	NC_000012.12	AATTTTAGCCACAGTTCTCTTTCATGGAGA	48007	TTAGCCACAGTTCTCTTTCATGG	+	114401871	exon_2	40.0	gRNA_23	-0.956	NC_000023.11	135737479	135737502	gRNA_23	CCATGAAAGAGAACTGTGGCTAA	-	TTAGCCACAGTTCTCTTTCTGGG	NC_000023.11	135737479	0.0
TBX5	NM_080717.4	NC_000012.12	GTGTTTCTCCATGAAAGAGAACTGTGGCTA	6160	TTCTCCATGAAAGAGAACTGTGG	-	114401875	exon_2	40.0	gRNA_24	0.924	NC_000005.10	63132855	63132878	gRNA_24	TTCTCCATGAAAGAGAACTGTGG	+	CTCTCCGTGAAAGAGAACTGTGG	NC_000005.10	63132855	0.605
TBX5	NM_080717.4	NC_000012.12	GTGTTTCTCCATGAAAGAGAACTGTGGCTA	6160	TTCTCCATGAAAGAGAACTGTGG	-	114401875	exon_2	40.0	gRNA_24	0.924	NC_000008.11	109427328	109427351	gRNA_24	CCACAGTTCTCTTTCATGGAGAA	-	TTCTCCATGAAAGAGAACACTGG	NC_000008.11	109427328	0.0
TBX5	NM_080717.4	NC_000012.12	GTGTTTCTCCATGAAAGAGAACTGTGGCTA	6160	TTCTCCATGAAAGAGAACTGTGG	-	114401875	exon_2	40.0	gRNA_24	0.924	NC_000008.11	57346361	57346384	gRNA_24	CCACAGTTCTCTTTCATGGAGAA	-	ATTCTCCATGAAAGAAACTGGGG	NC_000008.11	57346361	0.0
TBX5	NM_080717.4	NC_000012.12	CAGTGACTTCCTACCAGAACCACAAGGTAA	13296	GACTTCCTACCAGAACCACAAGG	-	114394739	exon_5	50.0	gRNA_28	0.747	NC_000017.11	61478757	61478780	gRNA_28	GACTTCCTACCAGAACCACAAGG	+	GACCTCCTACCAGAATCACAAGG	NC_000017.11	61478757	0.199
TBX5	NM_080717.4	NC_000012.12	GATTGAGAATAATCCCTTTGCCAAAGGATT	22509	GAGAATAATCCCTTTGCCAAAGG	-	114385526	exon_6	40.0	gRNA_29	-0.217	NC_000017.11	47744499	47744522	gRNA_29	GAGAATAATCCCTTTGCCAAAGG	+	GATAATAACCCCTTTGCCAAAGG	NC_000017.11	47744499	0.462
TBX5	NM_080717.4	NC_000012.12	AGCACTTCTCCGCTCACTTCACCTCGGGGC	52244	CTTCTCCGCTCACTTCACCTCGG	-	114355791	exon_8	55.0	gRNA_36	-0.068	NC_000023.11	52666827	52666850	gRNA_36	CCGAGGTGAAGTGAGCGGAGAAG	-	TTCTCCGCTCACTTCAACCTCCG	NC_000023.11	52666827	0.0
TBX5	NM_080717.4	NC_000012.12	AGCACTTCTCCGCTCACTTCACCTCGGGGC	52244	CTTCTCCGCTCACTTCACCTCGG	-	114355791	exon_8	55.0	gRNA_36	-0.068	NC_000023.11	48316474	48316497	gRNA_36	CCGAGGTGAAGTGAGCGGAGAAG	-	TTCTCCGCTCACTTCAACCTCCG	NC_000023.11	48316474	0.0
TBX5	XM_017019912.2	NC_000012.12	TCCGTGCACAGAGTGGTACTGATGAGGGGA	1707	TGCACAGAGTGGTACTGATGAGG	+	114355571	exon_9	50.0	gRNA_1	0.646	NC_000004.12	138747720	138747743	gRNA_1	CCTCATCAGTACCACTCTGTGCA	-	TGCACAGAGTGGAACTGATGAAG	NC_000004.12	138747720	0.0
TBX5	XM_017019912.2	NC_000012.12	CTGGAACATTCCCTCTCCCAGCTGTGGGGA	1860	AACATTCCCTCTCCCAGCTGTGG	+	114355724	exon_9	55.0	gRNA_3	0.384	NC_000003.12	133951490	133951513	gRNA_3	AACATTCCCTCTCCCAGCTGTGG	+	AACATTCCCTCTCCCAGCTATTG	NC_000003.12	133951490	0.037
TBX5	XM_017019912.2	NC_000012.12	CTGGAACATTCCCTCTCCCAGCTGTGGGGA	1860	AACATTCCCTCTCCCAGCTGTGG	+	114355724	exon_9	55.0	gRNA_3	0.384	NC_000012.12	105944231	105944254	gRNA_3	CCACAGCTGGGAGAGGGAATGTT	-	AACATTCCCTGTCCCAGCTCTGG	NC_000012.12	105944231	0.0
TBX5	XM_017019912.2	NC_000012.12	GCAGCTGCTGTAGGAAGGCATGCTTGGCCA	1998	CTGCTGTAGGAAGGCATGCTTGG	+	114355862	exon_9	55.0	gRNA_5	-0.344	NC_000010.11	102067003	102067026	gRNA_5	CCAAGCATGCCTTCCTACAGCAG	-	AGGCTGCTGTAGGAAGGGCTTGG	NC_000010.11	102067003	0.0
TBX5	XM_017019912.2	NC_000012.12	TGTTGCAGCTGATGTCCTCTAGGCTGGGCA	2030	GCAGCTGATGTCCTCTAGGCTGG	+	114355894	exon_9	60.0	gRNA_6	-0.152	NC_000017.11	28913004	28913027	gRNA_6	GCAGCTGATGTCCTCTAGGCTGG	+	GCAGCCGATGTCCTCTAGGGCTG	NC_000017.11	28913004	0.002
TBX5	XM_017019912.2	NC_000012.12	CTTCACTGGGTGATGTCTCCATGTAGGGCT	2180	ACTGGGTGATGTCTCCATGTAGG	+	114356044	exon_9	50.0	gRNA_9	0.648	NC_000002.12	149356436	149356459	gRNA_9	CCTACATGGAGACATCACCCAGT	-	CTGAGGTGATGTGTCCATGTAGG	NC_000002.12	149356436	0.0
TBX5	XM_017019912.2	NC_000012.12	TGTCATCACTGCCCCGAAATCCTTTGGCAA	31646	ATCACTGCCCCGAAATCCTTTGG	+	114385510	exon_7	50.0	gRNA_14	-0.596	NC_000017.11	61479914	61479937	gRNA_14	CCAAAGGATTTCGGGGCAGTGAT	-	ATCACTGCCCCGGAATCCCTTGG	NC_000017.11	61479914	0.0
TBX5	XM_017019912.2	NC_000012.12	GGGGAGTCTGGGTGCACGTACAGGCGGCCA	44797	AGTCTGGGTGCACGTACAGGCGG	+	114398661	exon_5	60.0	gRNA_20	0.717	NC_000017.11	47743074	47743097	gRNA_20	CCGCCTGTACGTGCACCCAGACT	-	AGTCCGGGTGGACGTACAGGCGG	NC_000017.11	47743074	0.0
TBX5	XM_017019912.2	NC_000012.12	ACAAACCATCTCACCTTCCAGCCTTGGTTA	47951	ACCATCTCACCTTCCAGCCTTGG	+	114401815	exon_3	55.0	gRNA_22	-0.381	NC_000015.10	63074051	63074074	gRNA_22	CCAAGGCTGGAAGGTGAGATGGT	-	ACCATCTCAGCTTCCAGCCTTGG	NC_000015.10	63074051	0.0
TBX5	XM_017019912.2	NC_000012.12	ACAAACCATCTCACCTTCCAGCCTTGGTTA	47951	ACCATCTCACCTTCCAGCCTTGG	+	114401815	exon_3	55.0	gRNA_22	-0.381	NC_000020.11	32448240	32448263	gRNA_22	CCAAGGCTGGAAGGTGAGATGGT	-	ACCATCTCCCCTTCCAGCCTCGG	NC_000020.11	32448240	0.0
TBX5	XM_017019912.2	NC_000012.12	ACAAACCATCTCACCTTCCAGCCTTGGTTA	47951	ACCATCTCACCTTCCAGCCTTGG	+	114401815	exon_3	55.0	gRNA_22	-0.381	NC_000002.12	136285660	136285683	gRNA_22	ACCATCTCACCTTCCAGCCTTGG	+	GCCATTCACCTTCCAGCCTTGGT	NC_000002.12	136285660	0.0
TBX5	XM_017019912.2	NC_000012.12	AATTTTAGCCACAGTTCTCTTTCATGGAGA	48007	TTAGCCACAGTTCTCTTTCATGG	+	114401871	exon_3	40.0	gRNA_23	-0.956	NC_000004.12	10603228	10603251	gRNA_23	TTAGCCACAGTTCTCTTTCATGG	+	TAAGCCACAGTTCTCTTTCAAGG	NC_000004.12	10603228	0.846
TBX5	XM_017019912.2	NC_000012.12	AATTTTAGCCACAGTTCTCTTTCATGGAGA	48007	TTAGCCACAGTTCTCTTTCATGG	+	114401871	exon_3	40.0	gRNA_23	-0.956	NC_000023.11	135737479	135737502	gRNA_23	CCATGAAAGAGAACTGTGGCTAA	-	TTAGCCACAGTTCTCTTTCTGGG	NC_000023.11	135737479	0.0
TBX5	XM_017019912.2	NC_000012.12	GTGTTTCTCCATGAAAGAGAACTGTGGCTA	6160	TTCTCCATGAAAGAGAACTGTGG	-	114401875	exon_3	40.0	gRNA_24	0.924	NC_000005.10	63132855	63132878	gRNA_24	TTCTCCATGAAAGAGAACTGTGG	+	CTCTCCGTGAAAGAGAACTGTGG	NC_000005.10	63132855	0.605
TBX5	XM_017019912.2	NC_000012.12	GTGTTTCTCCATGAAAGAGAACTGTGGCTA	6160	TTCTCCATGAAAGAGAACTGTGG	-	114401875	exon_3	40.0	gRNA_24	0.924	NC_000008.11	109427328	109427351	gRNA_24	CCACAGTTCTCTTTCATGGAGAA	-	TTCTCCATGAAAGAGAACACTGG	NC_000008.11	109427328	0.0
TBX5	XM_017019912.2	NC_000012.12	GTGTTTCTCCATGAAAGAGAACTGTGGCTA	6160	TTCTCCATGAAAGAGAACTGTGG	-	114401875	exon_3	40.0	gRNA_24	0.924	NC_000008.11	57346361	57346384	gRNA_24	CCACAGTTCTCTTTCATGGAGAA	-	ATTCTCCATGAAAGAAACTGGGG	NC_000008.11	57346361	0.0
TBX5	XM_017019912.2	NC_000012.12	CAGTGACTTCCTACCAGAACCACAAGGTAA	13296	GACTTCCTACCAGAACCACAAGG	-	114394739	exon_6	50.0	gRNA_28	0.747	NC_000017.11	61478757	61478780	gRNA_28	GACTTCCTACCAGAACCACAAGG	+	GACCTCCTACCAGAATCACAAGG	NC_000017.11	61478757	0.199
TBX5	XM_017019912.2	NC_000012.12	GATTGAGAATAATCCCTTTGCCAAAGGATT	22509	GAGAATAATCCCTTTGCCAAAGG	-	114385526	exon_7	40.0	gRNA_29	-0.217	NC_000017.11	47744499	47744522	gRNA_29	GAGAATAATCCCTTTGCCAAAGG	+	GATAATAACCCCTTTGCCAAAGG	NC_000017.11	47744499	0.462
TBX5	XM_017019912.2	NC_000012.12	AGCACTTCTCCGCTCACTTCACCTCGGGGC	52244	CTTCTCCGCTCACTTCACCTCGG	-	114355791	exon_9	55.0	gRNA_36	-0.068	NC_000023.11	52666827	52666850	gRNA_36	CCGAGGTGAAGTGAGCGGAGAAG	-	TTCTCCGCTCACTTCAACCTCCG	NC_000023.11	52666827	0.0
TBX5	XM_017019912.2	NC_000012.12	AGCACTTCTCCGCTCACTTCACCTCGGGGC	52244	CTTCTCCGCTCACTTCACCTCGG	-	114355791	exon_9	55.0	gRNA_36	-0.068	NC_000023.11	48316474	48316497	gRNA_36	CCGAGGTGAAGTGAGCGGAGAAG	-	TTCTCCGCTCACTTCAACCTCCG	NC_000023.11	48316474	0.0
TBX5	NM_181486.4	NC_000012.12	TCCGTGCACAGAGTGGTACTGATGAGGGGA	1707	TGCACAGAGTGGTACTGATGAGG	+	114355571	exon_9	50.0	gRNA_1	0.646	NC_000004.12	138747720	138747743	gRNA_1	CCTCATCAGTACCACTCTGTGCA	-	TGCACAGAGTGGAACTGATGAAG	NC_000004.12	138747720	0.0
TBX5	NM_181486.4	NC_000012.12	CTGGAACATTCCCTCTCCCAGCTGTGGGGA	1860	AACATTCCCTCTCCCAGCTGTGG	+	114355724	exon_9	55.0	gRNA_3	0.384	NC_000003.12	133951490	133951513	gRNA_3	AACATTCCCTCTCCCAGCTGTGG	+	AACATTCCCTCTCCCAGCTATTG	NC_000003.12	133951490	0.037
TBX5	NM_181486.4	NC_000012.12	CTGGAACATTCCCTCTCCCAGCTGTGGGGA	1860	AACATTCCCTCTCCCAGCTGTGG	+	114355724	exon_9	55.0	gRNA_3	0.384	NC_000012.12	105944231	105944254	gRNA_3	CCACAGCTGGGAGAGGGAATGTT	-	AACATTCCCTGTCCCAGCTCTGG	NC_000012.12	105944231	0.0
TBX5	NM_181486.4	NC_000012.12	GCAGCTGCTGTAGGAAGGCATGCTTGGCCA	1998	CTGCTGTAGGAAGGCATGCTTGG	+	114355862	exon_9	55.0	gRNA_5	-0.344	NC_000010.11	102067003	102067026	gRNA_5	CCAAGCATGCCTTCCTACAGCAG	-	AGGCTGCTGTAGGAAGGGCTTGG	NC_000010.11	102067003	0.0
TBX5	NM_181486.4	NC_000012.12	TGTTGCAGCTGATGTCCTCTAGGCTGGGCA	2030	GCAGCTGATGTCCTCTAGGCTGG	+	114355894	exon_9	60.0	gRNA_6	-0.152	NC_000017.11	28913004	28913027	gRNA_6	GCAGCTGATGTCCTCTAGGCTGG	+	GCAGCCGATGTCCTCTAGGGCTG	NC_000017.11	28913004	0.002
TBX5	NM_181486.4	NC_000012.12	CTTCACTGGGTGATGTCTCCATGTAGGGCT	2180	ACTGGGTGATGTCTCCATGTAGG	+	114356044	exon_9	50.0	gRNA_9	0.648	NC_000002.12	149356436	149356459	gRNA_9	CCTACATGGAGACATCACCCAGT	-	CTGAGGTGATGTGTCCATGTAGG	NC_000002.12	149356436	0.0
TBX5	NM_181486.4	NC_000012.12	TGTCATCACTGCCCCGAAATCCTTTGGCAA	31646	ATCACTGCCCCGAAATCCTTTGG	+	114385510	exon_7	50.0	gRNA_14	-0.596	NC_000017.11	61479914	61479937	gRNA_14	CCAAAGGATTTCGGGGCAGTGAT	-	ATCACTGCCCCGGAATCCCTTGG	NC_000017.11	61479914	0.0
TBX5	NM_181486.4	NC_000012.12	GGGGAGTCTGGGTGCACGTACAGGCGGCCA	44797	AGTCTGGGTGCACGTACAGGCGG	+	114398661	exon_5	60.0	gRNA_20	0.717	NC_000017.11	47743074	47743097	gRNA_20	CCGCCTGTACGTGCACCCAGACT	-	AGTCCGGGTGGACGTACAGGCGG	NC_000017.11	47743074	0.0
TBX5	NM_181486.4	NC_000012.12	ACAAACCATCTCACCTTCCAGCCTTGGTTA	47951	ACCATCTCACCTTCCAGCCTTGG	+	114401815	exon_3	55.0	gRNA_22	-0.381	NC_000015.10	63074051	63074074	gRNA_22	CCAAGGCTGGAAGGTGAGATGGT	-	ACCATCTCAGCTTCCAGCCTTGG	NC_000015.10	63074051	0.0
TBX5	NM_181486.4	NC_000012.12	ACAAACCATCTCACCTTCCAGCCTTGGTTA	47951	ACCATCTCACCTTCCAGCCTTGG	+	114401815	exon_3	55.0	gRNA_22	-0.381	NC_000020.11	32448240	32448263	gRNA_22	CCAAGGCTGGAAGGTGAGATGGT	-	ACCATCTCCCCTTCCAGCCTCGG	NC_000020.11	32448240	0.0
TBX5	NM_181486.4	NC_000012.12	ACAAACCATCTCACCTTCCAGCCTTGGTTA	47951	ACCATCTCACCTTCCAGCCTTGG	+	114401815	exon_3	55.0	gRNA_22	-0.381	NC_000002.12	136285660	136285683	gRNA_22	ACCATCTCACCTTCCAGCCTTGG	+	GCCATTCACCTTCCAGCCTTGGT	NC_000002.12	136285660	0.0
TBX5	NM_181486.4	NC_000012.12	AATTTTAGCCACAGTTCTCTTTCATGGAGA	48007	TTAGCCACAGTTCTCTTTCATGG	+	114401871	exon_3	40.0	gRNA_23	-0.956	NC_000004.12	10603228	10603251	gRNA_23	TTAGCCACAGTTCTCTTTCATGG	+	TAAGCCACAGTTCTCTTTCAAGG	NC_000004.12	10603228	0.846
TBX5	NM_181486.4	NC_000012.12	AATTTTAGCCACAGTTCTCTTTCATGGAGA	48007	TTAGCCACAGTTCTCTTTCATGG	+	114401871	exon_3	40.0	gRNA_23	-0.956	NC_000023.11	135737479	135737502	gRNA_23	CCATGAAAGAGAACTGTGGCTAA	-	TTAGCCACAGTTCTCTTTCTGGG	NC_000023.11	135737479	0.0
TBX5	NM_181486.4	NC_000012.12	GTGTTTCTCCATGAAAGAGAACTGTGGCTA	4292	TTCTCCATGAAAGAGAACTGTGG	-	114401875	exon_3	40.0	gRNA_24	0.924	NC_000005.10	63132855	63132878	gRNA_24	TTCTCCATGAAAGAGAACTGTGG	+	CTCTCCGTGAAAGAGAACTGTGG	NC_000005.10	63132855	0.605
TBX5	NM_181486.4	NC_000012.12	GTGTTTCTCCATGAAAGAGAACTGTGGCTA	4292	TTCTCCATGAAAGAGAACTGTGG	-	114401875	exon_3	40.0	gRNA_24	0.924	NC_000008.11	109427328	109427351	gRNA_24	CCACAGTTCTCTTTCATGGAGAA	-	TTCTCCATGAAAGAGAACACTGG	NC_000008.11	109427328	0.0
TBX5	NM_181486.4	NC_000012.12	GTGTTTCTCCATGAAAGAGAACTGTGGCTA	4292	TTCTCCATGAAAGAGAACTGTGG	-	114401875	exon_3	40.0	gRNA_24	0.924	NC_000008.11	57346361	57346384	gRNA_24	CCACAGTTCTCTTTCATGGAGAA	-	ATTCTCCATGAAAGAAACTGGGG	NC_000008.11	57346361	0.0
TBX5	NM_181486.4	NC_000012.12	CAGTGACTTCCTACCAGAACCACAAGGTAA	11428	GACTTCCTACCAGAACCACAAGG	-	114394739	exon_6	50.0	gRNA_28	0.747	NC_000017.11	61478757	61478780	gRNA_28	GACTTCCTACCAGAACCACAAGG	+	GACCTCCTACCAGAATCACAAGG	NC_000017.11	61478757	0.199
TBX5	NM_181486.4	NC_000012.12	GATTGAGAATAATCCCTTTGCCAAAGGATT	20641	GAGAATAATCCCTTTGCCAAAGG	-	114385526	exon_7	40.0	gRNA_29	-0.217	NC_000017.11	47744499	47744522	gRNA_29	GAGAATAATCCCTTTGCCAAAGG	+	GATAATAACCCCTTTGCCAAAGG	NC_000017.11	47744499	0.462
TBX5	NM_181486.4	NC_000012.12	AGCACTTCTCCGCTCACTTCACCTCGGGGC	50376	CTTCTCCGCTCACTTCACCTCGG	-	114355791	exon_9	55.0	gRNA_36	-0.068	NC_000023.11	52666827	52666850	gRNA_36	CCGAGGTGAAGTGAGCGGAGAAG	-	TTCTCCGCTCACTTCAACCTCCG	NC_000023.11	52666827	0.0
TBX5	NM_181486.4	NC_000012.12	AGCACTTCTCCGCTCACTTCACCTCGGGGC	50376	CTTCTCCGCTCACTTCACCTCGG	-	114355791	exon_9	55.0	gRNA_36	-0.068	NC_000023.11	48316474	48316497	gRNA_36	CCGAGGTGAAGTGAGCGGAGAAG	-	TTCTCCGCTCACTTCAACCTCCG	NC_000023.11	48316474	0.0
TBX5	NM_000192.3	NC_000012.12	TCCGTGCACAGAGTGGTACTGATGAGGGGA	1688	TGCACAGAGTGGTACTGATGAGG	+	114355571	exon_9	50.0	gRNA_1	0.646	NC_000004.12	138747720	138747743	gRNA_1	CCTCATCAGTACCACTCTGTGCA	-	TGCACAGAGTGGAACTGATGAAG	NC_000004.12	138747720	0.0
TBX5	NM_000192.3	NC_000012.12	CTGGAACATTCCCTCTCCCAGCTGTGGGGA	1841	AACATTCCCTCTCCCAGCTGTGG	+	114355724	exon_9	55.0	gRNA_3	0.384	NC_000003.12	133951490	133951513	gRNA_3	AACATTCCCTCTCCCAGCTGTGG	+	AACATTCCCTCTCCCAGCTATTG	NC_000003.12	133951490	0.037
TBX5	NM_000192.3	NC_000012.12	CTGGAACATTCCCTCTCCCAGCTGTGGGGA	1841	AACATTCCCTCTCCCAGCTGTGG	+	114355724	exon_9	55.0	gRNA_3	0.384	NC_000012.12	105944231	105944254	gRNA_3	CCACAGCTGGGAGAGGGAATGTT	-	AACATTCCCTGTCCCAGCTCTGG	NC_000012.12	105944231	0.0
TBX5	NM_000192.3	NC_000012.12	GCAGCTGCTGTAGGAAGGCATGCTTGGCCA	1979	CTGCTGTAGGAAGGCATGCTTGG	+	114355862	exon_9	55.0	gRNA_5	-0.344	NC_000010.11	102067003	102067026	gRNA_5	CCAAGCATGCCTTCCTACAGCAG	-	AGGCTGCTGTAGGAAGGGCTTGG	NC_000010.11	102067003	0.0
TBX5	NM_000192.3	NC_000012.12	TGTTGCAGCTGATGTCCTCTAGGCTGGGCA	2011	GCAGCTGATGTCCTCTAGGCTGG	+	114355894	exon_9	60.0	gRNA_6	-0.152	NC_000017.11	28913004	28913027	gRNA_6	GCAGCTGATGTCCTCTAGGCTGG	+	GCAGCCGATGTCCTCTAGGGCTG	NC_000017.11	28913004	0.002
TBX5	NM_000192.3	NC_000012.12	CTTCACTGGGTGATGTCTCCATGTAGGGCT	2161	ACTGGGTGATGTCTCCATGTAGG	+	114356044	exon_9	50.0	gRNA_9	0.648	NC_000002.12	149356436	149356459	gRNA_9	CCTACATGGAGACATCACCCAGT	-	CTGAGGTGATGTGTCCATGTAGG	NC_000002.12	149356436	0.0
TBX5	NM_000192.3	NC_000012.12	TGTCATCACTGCCCCGAAATCCTTTGGCAA	31627	ATCACTGCCCCGAAATCCTTTGG	+	114385510	exon_7	50.0	gRNA_14	-0.596	NC_000017.11	61479914	61479937	gRNA_14	CCAAAGGATTTCGGGGCAGTGAT	-	ATCACTGCCCCGGAATCCCTTGG	NC_000017.11	61479914	0.0
TBX5	NM_000192.3	NC_000012.12	GGGGAGTCTGGGTGCACGTACAGGCGGCCA	44778	AGTCTGGGTGCACGTACAGGCGG	+	114398661	exon_5	60.0	gRNA_20	0.717	NC_000017.11	47743074	47743097	gRNA_20	CCGCCTGTACGTGCACCCAGACT	-	AGTCCGGGTGGACGTACAGGCGG	NC_000017.11	47743074	0.0
TBX5	NM_000192.3	NC_000012.12	ACAAACCATCTCACCTTCCAGCCTTGGTTA	47932	ACCATCTCACCTTCCAGCCTTGG	+	114401815	exon_3	55.0	gRNA_22	-0.381	NC_000015.10	63074051	63074074	gRNA_22	CCAAGGCTGGAAGGTGAGATGGT	-	ACCATCTCAGCTTCCAGCCTTGG	NC_000015.10	63074051	0.0
TBX5	NM_000192.3	NC_000012.12	ACAAACCATCTCACCTTCCAGCCTTGGTTA	47932	ACCATCTCACCTTCCAGCCTTGG	+	114401815	exon_3	55.0	gRNA_22	-0.381	NC_000020.11	32448240	32448263	gRNA_22	CCAAGGCTGGAAGGTGAGATGGT	-	ACCATCTCCCCTTCCAGCCTCGG	NC_000020.11	32448240	0.0
TBX5	NM_000192.3	NC_000012.12	ACAAACCATCTCACCTTCCAGCCTTGGTTA	47932	ACCATCTCACCTTCCAGCCTTGG	+	114401815	exon_3	55.0	gRNA_22	-0.381	NC_000002.12	136285660	136285683	gRNA_22	ACCATCTCACCTTCCAGCCTTGG	+	GCCATTCACCTTCCAGCCTTGGT	NC_000002.12	136285660	0.0
TBX5	NM_000192.3	NC_000012.12	AATTTTAGCCACAGTTCTCTTTCATGGAGA	47988	TTAGCCACAGTTCTCTTTCATGG	+	114401871	exon_3	40.0	gRNA_23	-0.956	NC_000004.12	10603228	10603251	gRNA_23	TTAGCCACAGTTCTCTTTCATGG	+	TAAGCCACAGTTCTCTTTCAAGG	NC_000004.12	10603228	0.846
TBX5	NM_000192.3	NC_000012.12	AATTTTAGCCACAGTTCTCTTTCATGGAGA	47988	TTAGCCACAGTTCTCTTTCATGG	+	114401871	exon_3	40.0	gRNA_23	-0.956	NC_000023.11	135737479	135737502	gRNA_23	CCATGAAAGAGAACTGTGGCTAA	-	TTAGCCACAGTTCTCTTTCTGGG	NC_000023.11	135737479	0.0
TBX5	NM_000192.3	NC_000012.12	GTGTTTCTCCATGAAAGAGAACTGTGGCTA	6590	TTCTCCATGAAAGAGAACTGTGG	-	114401875	exon_3	40.0	gRNA_24	0.924	NC_000005.10	63132855	63132878	gRNA_24	TTCTCCATGAAAGAGAACTGTGG	+	CTCTCCGTGAAAGAGAACTGTGG	NC_000005.10	63132855	0.605
TBX5	NM_000192.3	NC_000012.12	GTGTTTCTCCATGAAAGAGAACTGTGGCTA	6590	TTCTCCATGAAAGAGAACTGTGG	-	114401875	exon_3	40.0	gRNA_24	0.924	NC_000008.11	109427328	109427351	gRNA_24	CCACAGTTCTCTTTCATGGAGAA	-	TTCTCCATGAAAGAGAACACTGG	NC_000008.11	109427328	0.0
TBX5	NM_000192.3	NC_000012.12	GTGTTTCTCCATGAAAGAGAACTGTGGCTA	6590	TTCTCCATGAAAGAGAACTGTGG	-	114401875	exon_3	40.0	gRNA_24	0.924	NC_000008.11	57346361	57346384	gRNA_24	CCACAGTTCTCTTTCATGGAGAA	-	ATTCTCCATGAAAGAAACTGGGG	NC_000008.11	57346361	0.0
TBX5	NM_000192.3	NC_000012.12	CAGTGACTTCCTACCAGAACCACAAGGTAA	13726	GACTTCCTACCAGAACCACAAGG	-	114394739	exon_6	50.0	gRNA_28	0.747	NC_000017.11	61478757	61478780	gRNA_28	GACTTCCTACCAGAACCACAAGG	+	GACCTCCTACCAGAATCACAAGG	NC_000017.11	61478757	0.199
TBX5	NM_000192.3	NC_000012.12	GATTGAGAATAATCCCTTTGCCAAAGGATT	22939	GAGAATAATCCCTTTGCCAAAGG	-	114385526	exon_7	40.0	gRNA_29	-0.217	NC_000017.11	47744499	47744522	gRNA_29	GAGAATAATCCCTTTGCCAAAGG	+	GATAATAACCCCTTTGCCAAAGG	NC_000017.11	47744499	0.462
TBX5	NM_000192.3	NC_000012.12	AGCACTTCTCCGCTCACTTCACCTCGGGGC	52674	CTTCTCCGCTCACTTCACCTCGG	-	114355791	exon_9	55.0	gRNA_36	-0.068	NC_000023.11	52666827	52666850	gRNA_36	CCGAGGTGAAGTGAGCGGAGAAG	-	TTCTCCGCTCACTTCAACCTCCG	NC_000023.11	52666827	0.0
TBX5	NM_000192.3	NC_000012.12	AGCACTTCTCCGCTCACTTCACCTCGGGGC	52674	CTTCTCCGCTCACTTCACCTCGG	-	114355791	exon_9	55.0	gRNA_36	-0.068	NC_000023.11	48316474	48316497	gRNA_36	CCGAGGTGAAGTGAGCGGAGAAG	-	TTCTCCGCTCACTTCAACCTCCG	NC_000023.11	48316474	0.0
